llm,answer_correct,n_statements,n_true,truth_rate,n_questions,truth_rate_percent
llama,NO,204,167,0.8186274509803921,24,81.86274509803921
llama,YES,1015,921,0.9073891625615763,117,90.73891625615764
qwen,NO,125,100,0.8,17,80.0
qwen,YES,1003,837,0.8344965104685942,124,83.44965104685942
