llm,answer_correct,n_statements,n_true,truth_rate,n_questions,truth_rate_percent
llama,NO,5,5,1.0,1,100.0
llama,YES,13,12,0.9230769230769231,2,92.3076923076923
qwen,NO,6,2,0.3333333333333333,1,33.33333333333333
qwen,YES,15,14,0.9333333333333333,2,93.33333333333333
