llm,n_statements,n_true,truth_rate,n_questions,truth_rate_percent
llama,18,17,0.9444444444444444,3,94.44444444444444
qwen,21,16,0.7619047619047619,3,76.19047619047619
