llm,n_statements,n_true,truth_rate,n_questions,truth_rate_percent
llama,1552,1380,0.8891752577319587,191,88.91752577319588
qwen,1444,1192,0.8254847645429363,191,82.54847645429363
