llm,answer_correct,n_statements,n_true,truth_rate,n_questions,truth_rate_percent
llama,NO,282,227,0.8049645390070922,37,80.49645390070921
llama,YES,1270,1153,0.9078740157480315,154,90.78740157480316
qwen,NO,190,149,0.7842105263157895,26,78.42105263157895
qwen,YES,1254,1043,0.8317384370015949,165,83.1738437001595
