llm,answer_correct,n_statements,n_true,truth_rate,n_questions,truth_rate_percent
llama,NO,123,108,0.8780487804878049,26,87.8048780487805
llama,YES,656,618,0.9420731707317073,122,94.20731707317073
qwen,NO,89,67,0.7528089887640449,19,75.28089887640449
qwen,YES,661,561,0.848714069591528,129,84.8714069591528
