llm,n_statements,n_true,truth_rate,n_questions,truth_rate_percent
llama,779,726,0.9319640564826701,148,93.19640564826702
qwen,750,628,0.8373333333333334,148,83.73333333333333
