llm,n_statements,n_true,truth_rate,n_questions,truth_rate_percent
llama,476,439,0.9222689075630253,48,92.22689075630252
qwen,456,389,0.8530701754385965,48,85.30701754385966
