llm,answer_correct,n_statements,n_true,truth_rate,n_questions,truth_rate_percent
llama,NO,70,61,0.8714285714285714,8,87.14285714285714
llama,YES,406,378,0.9310344827586207,40,93.10344827586206
qwen,NO,59,43,0.7288135593220338,7,72.88135593220339
qwen,YES,397,346,0.871536523929471,41,87.1536523929471
