llm,n_statements,n_true,truth_rate,n_questions,truth_rate_percent
<<<<<<< HEAD
llama,779,726,0.9319640564826701,148,93.19640564826702
qwen,750,628,0.8373333333333334,148,83.73333333333333
=======
llama,1552,1380,0.8891752577319587,191,88.91752577319588
qwen,1444,1192,0.8254847645429363,191,82.54847645429363
>>>>>>> f1f555a2501892083ed12b2e7dc4e604b3576621
