llm,n_statements,n_true,truth_rate,n_questions,truth_rate_percent
llama,1219,1088,0.8925348646431501,141,89.25348646431502
qwen,1128,937,0.8306737588652482,141,83.06737588652481
